participant_id,session_id,dimension,key,ability_count
Uriel_Septim_VII,Uriel_Septim_VII,role,support-buff,32
Uriel_Septim_VII,Uriel_Septim_VII,role,defense-protection,34
Uriel_Septim_VII,Uriel_Septim_VII,role,mobility-positioning,21
Uriel_Septim_VII,Uriel_Septim_VII,role,narrative-interaction,13
Uriel_Septim_VII,Uriel_Septim_VII,role,single-target-damage,28
Uriel_Septim_VII,Uriel_Septim_VII,role,control,36
Uriel_Septim_VII,Uriel_Septim_VII,role,investigation-world-interaction,18
Uriel_Septim_VII,Uriel_Septim_VII,role,healing,3
Uriel_Septim_VII,Uriel_Septim_VII,role,area-damage,7
Uriel_Septim_VII,Uriel_Septim_VII,role,summon,2
Uriel_Septim_VII,Uriel_Septim_VII,damage_type,Weapon,5
Uriel_Septim_VII,Uriel_Septim_VII,damage_type,Piercing,2
Uriel_Septim_VII,Uriel_Septim_VII,damage_type,Psychic,5
Uriel_Septim_VII,Uriel_Septim_VII,damage_type,Slashing,1
Uriel_Septim_VII,Uriel_Septim_VII,damage_type,Fire,5
Uriel_Septim_VII,Uriel_Septim_VII,damage_type,Thunder,4
Uriel_Septim_VII,Uriel_Septim_VII,damage_type,Poison,2
Uriel_Septim_VII,Uriel_Septim_VII,damage_type,Cold,4
Uriel_Septim_VII,Uriel_Septim_VII,damage_type,Force,5
Uriel_Septim_VII,Uriel_Septim_VII,damage_type,Acid,2
Uriel_Septim_VII,Uriel_Septim_VII,damage_type,Lightning,2
Uriel_Septim_VII,Uriel_Septim_VII,damage_type,Variable,1
Uriel_Septim_VII,Uriel_Septim_VII,damage_type,Necrotic,4
Yoloman,Yoloman,role,defense-protection,26
Yoloman,Yoloman,role,mobility-positioning,29
Yoloman,Yoloman,role,support-buff,37
Yoloman,Yoloman,role,narrative-interaction,4
Yoloman,Yoloman,role,single-target-damage,52
Yoloman,Yoloman,role,investigation-world-interaction,4
Yoloman,Yoloman,role,summon,2
Yoloman,Yoloman,role,area-damage,7
Yoloman,Yoloman,role,control,25
Yoloman,Yoloman,role,healing,4
Yoloman,Yoloman,damage_type,Weapon,16
Yoloman,Yoloman,damage_type,Piercing,9
Yoloman,Yoloman,damage_type,Fire,3
Yoloman,Yoloman,damage_type,Bludgeoning,15
Yoloman,Yoloman,damage_type,Poison,3
Yoloman,Yoloman,damage_type,Necrotic,1
Yoloman,Yoloman,damage_type,Psychic,1
Yoloman,Yoloman,damage_type,Radiant,9
Yoloman,Yoloman,damage_type,Force,1
Yoloman,Yoloman,damage_type,Slashing,3
Yoloman,Yoloman,damage_type,Physical,1
Yoloman,Yoloman,damage_type,Variable,1
participant-mpya2p1q-46ef0b,participant-mpya2p1q-46ef0b,role,defense-protection,21
participant-mpya2p1q-46ef0b,participant-mpya2p1q-46ef0b,role,summon,6
participant-mpya2p1q-46ef0b,participant-mpya2p1q-46ef0b,role,investigation-world-interaction,6
participant-mpya2p1q-46ef0b,participant-mpya2p1q-46ef0b,role,area-damage,18
participant-mpya2p1q-46ef0b,participant-mpya2p1q-46ef0b,role,single-target-damage,38
participant-mpya2p1q-46ef0b,participant-mpya2p1q-46ef0b,role,support-buff,33
participant-mpya2p1q-46ef0b,participant-mpya2p1q-46ef0b,role,narrative-interaction,9
participant-mpya2p1q-46ef0b,participant-mpya2p1q-46ef0b,role,mobility-positioning,7
participant-mpya2p1q-46ef0b,participant-mpya2p1q-46ef0b,role,control,40
participant-mpya2p1q-46ef0b,participant-mpya2p1q-46ef0b,role,healing,9
participant-mpya2p1q-46ef0b,participant-mpya2p1q-46ef0b,damage_type,Fire,9
participant-mpya2p1q-46ef0b,participant-mpya2p1q-46ef0b,damage_type,Weapon,16
participant-mpya2p1q-46ef0b,participant-mpya2p1q-46ef0b,damage_type,Piercing,3
participant-mpya2p1q-46ef0b,participant-mpya2p1q-46ef0b,damage_type,Cold,4
participant-mpya2p1q-46ef0b,participant-mpya2p1q-46ef0b,damage_type,Thunder,4
participant-mpya2p1q-46ef0b,participant-mpya2p1q-46ef0b,damage_type,Psychic,2
participant-mpya2p1q-46ef0b,participant-mpya2p1q-46ef0b,damage_type,Slashing,1
participant-mpya2p1q-46ef0b,participant-mpya2p1q-46ef0b,damage_type,Lightning,1
participant-mpya2p1q-46ef0b,participant-mpya2p1q-46ef0b,damage_type,Force,2
participant-mpya2p1q-46ef0b,participant-mpya2p1q-46ef0b,damage_type,Radiant,6
participant-mpya2p1q-46ef0b,participant-mpya2p1q-46ef0b,damage_type,Necrotic,13
participant-mpya2p1q-46ef0b,participant-mpya2p1q-46ef0b,damage_type,Poison,4
participant-mpzu7yfi-18b55e,participant-mpzu7yfi-18b55e,role,support-buff,49
participant-mpzu7yfi-18b55e,participant-mpzu7yfi-18b55e,role,investigation-world-interaction,19
participant-mpzu7yfi-18b55e,participant-mpzu7yfi-18b55e,role,defense-protection,27
participant-mpzu7yfi-18b55e,participant-mpzu7yfi-18b55e,role,single-target-damage,21
participant-mpzu7yfi-18b55e,participant-mpzu7yfi-18b55e,role,narrative-interaction,9
participant-mpzu7yfi-18b55e,participant-mpzu7yfi-18b55e,role,healing,13
participant-mpzu7yfi-18b55e,participant-mpzu7yfi-18b55e,role,area-damage,17
participant-mpzu7yfi-18b55e,participant-mpzu7yfi-18b55e,role,control,37
participant-mpzu7yfi-18b55e,participant-mpzu7yfi-18b55e,role,summon,7
participant-mpzu7yfi-18b55e,participant-mpzu7yfi-18b55e,role,mobility-positioning,15
participant-mpzu7yfi-18b55e,participant-mpzu7yfi-18b55e,damage_type,Radiant,9
participant-mpzu7yfi-18b55e,participant-mpzu7yfi-18b55e,damage_type,Necrotic,3
participant-mpzu7yfi-18b55e,participant-mpzu7yfi-18b55e,damage_type,Weapon,5
participant-mpzu7yfi-18b55e,participant-mpzu7yfi-18b55e,damage_type,Variable,1
participant-mpzu7yfi-18b55e,participant-mpzu7yfi-18b55e,damage_type,Fire,12
participant-mpzu7yfi-18b55e,participant-mpzu7yfi-18b55e,damage_type,Thunder,2
participant-mpzu7yfi-18b55e,participant-mpzu7yfi-18b55e,damage_type,Lightning,1
participant-mpzu7yfi-18b55e,participant-mpzu7yfi-18b55e,damage_type,Poison,1
participant-mpzu7yfi-18b55e,participant-mpzu7yfi-18b55e,damage_type,Force,1
participant-mpzu7yfi-18b55e,participant-mpzu7yfi-18b55e,damage_type,Physical,1
participant-mpzu7yfi-18b55e,participant-mpzu7yfi-18b55e,damage_type,Psychic,2
participant-mpzu7yfi-18b55e,participant-mpzu7yfi-18b55e,damage_type,Piercing,1
participant-mpzuqjdb-edb342,participant-mpzuqjdb-edb342,role,support-buff,5
participant-mpzuqjdb-edb342,participant-mpzuqjdb-edb342,role,single-target-damage,4
participant-mpzuqjdb-edb342,participant-mpzuqjdb-edb342,role,defense-protection,11
participant-mpzuqjdb-edb342,participant-mpzuqjdb-edb342,role,investigation-world-interaction,1
participant-mpzuqjdb-edb342,participant-mpzuqjdb-edb342,role,control,2
participant-mpzuqjdb-edb342,participant-mpzuqjdb-edb342,role,summon,1
participant-mpzuqjdb-edb342,participant-mpzuqjdb-edb342,role,mobility-positioning,1
participant-mpzuqjdb-edb342,participant-mpzuqjdb-edb342,role,area-damage,1
participant-mpzuqjdb-edb342,participant-mpzuqjdb-edb342,role,narrative-interaction,2
participant-mpzuqjdb-edb342,participant-mpzuqjdb-edb342,damage_type,Necrotic,2
participant-mpzuqjdb-edb342,participant-mpzuqjdb-edb342,damage_type,Poison,4
participant-mpzuqjdb-edb342,participant-mpzuqjdb-edb342,damage_type,Psychic,1
participant-mpzuqjdb-edb342,participant-mpzuqjdb-edb342,damage_type,Piercing,1
participant-mpzuqjdb-edb342,participant-mpzuqjdb-edb342,damage_type,Lightning,1
participant-mpzuqjdb-edb342,participant-mpzuqjdb-edb342,damage_type,Variable,1
participant-mpzxp2jz-c463ae,participant-mpzxp2jz-c463ae,role,defense-protection,25
participant-mpzxp2jz-c463ae,participant-mpzxp2jz-c463ae,role,support-buff,40
participant-mpzxp2jz-c463ae,participant-mpzxp2jz-c463ae,role,investigation-world-interaction,11
participant-mpzxp2jz-c463ae,participant-mpzxp2jz-c463ae,role,control,22
participant-mpzxp2jz-c463ae,participant-mpzxp2jz-c463ae,role,narrative-interaction,6
participant-mpzxp2jz-c463ae,participant-mpzxp2jz-c463ae,role,single-target-damage,26
participant-mpzxp2jz-c463ae,participant-mpzxp2jz-c463ae,role,mobility-positioning,15
participant-mpzxp2jz-c463ae,participant-mpzxp2jz-c463ae,role,area-damage,18
participant-mpzxp2jz-c463ae,participant-mpzxp2jz-c463ae,role,summon,6
participant-mpzxp2jz-c463ae,participant-mpzxp2jz-c463ae,role,healing,21
participant-mpzxp2jz-c463ae,participant-mpzxp2jz-c463ae,damage_type,Weapon,10
participant-mpzxp2jz-c463ae,participant-mpzxp2jz-c463ae,damage_type,Piercing,2
participant-mpzxp2jz-c463ae,participant-mpzxp2jz-c463ae,damage_type,Acid,3
participant-mpzxp2jz-c463ae,participant-mpzxp2jz-c463ae,damage_type,Fire,3
participant-mpzxp2jz-c463ae,participant-mpzxp2jz-c463ae,damage_type,Lightning,8
participant-mpzxp2jz-c463ae,participant-mpzxp2jz-c463ae,damage_type,Poison,3
participant-mpzxp2jz-c463ae,participant-mpzxp2jz-c463ae,damage_type,Thunder,6
participant-mpzxp2jz-c463ae,participant-mpzxp2jz-c463ae,damage_type,Cold,1
participant-mpzxp2jz-c463ae,participant-mpzxp2jz-c463ae,damage_type,Variable,3
participant-mpzxp2jz-c463ae,participant-mpzxp2jz-c463ae,damage_type,Radiant,8
participant-mpzxp2jz-c463ae,participant-mpzxp2jz-c463ae,damage_type,Necrotic,2
participant-mpzxp2jz-c463ae,participant-mpzxp2jz-c463ae,damage_type,Psychic,2
participant-mq000vqm-dbf8fe,participant-mq000vqm-dbf8fe,role,narrative-interaction,9
participant-mq000vqm-dbf8fe,participant-mq000vqm-dbf8fe,role,support-buff,33
participant-mq000vqm-dbf8fe,participant-mq000vqm-dbf8fe,role,control,31
participant-mq000vqm-dbf8fe,participant-mq000vqm-dbf8fe,role,investigation-world-interaction,8
participant-mq000vqm-dbf8fe,participant-mq000vqm-dbf8fe,role,single-target-damage,34
participant-mq000vqm-dbf8fe,participant-mq000vqm-dbf8fe,role,summon,7
participant-mq000vqm-dbf8fe,participant-mq000vqm-dbf8fe,role,healing,8
participant-mq000vqm-dbf8fe,participant-mq000vqm-dbf8fe,role,area-damage,2
participant-mq000vqm-dbf8fe,participant-mq000vqm-dbf8fe,role,defense-protection,24
participant-mq000vqm-dbf8fe,participant-mq000vqm-dbf8fe,role,mobility-positioning,11
participant-mq000vqm-dbf8fe,participant-mq000vqm-dbf8fe,damage_type,Psychic,3
participant-mq000vqm-dbf8fe,participant-mq000vqm-dbf8fe,damage_type,Thunder,3
participant-mq000vqm-dbf8fe,participant-mq000vqm-dbf8fe,damage_type,Fire,7
participant-mq000vqm-dbf8fe,participant-mq000vqm-dbf8fe,damage_type,Weapon,8
participant-mq000vqm-dbf8fe,participant-mq000vqm-dbf8fe,damage_type,Piercing,1
participant-mq000vqm-dbf8fe,participant-mq000vqm-dbf8fe,damage_type,Force,3
participant-mq000vqm-dbf8fe,participant-mq000vqm-dbf8fe,damage_type,Necrotic,9
participant-mq000vqm-dbf8fe,participant-mq000vqm-dbf8fe,damage_type,Cold,1
participant-mq000vqm-dbf8fe,participant-mq000vqm-dbf8fe,damage_type,Lightning,1
participant-mq000vqm-dbf8fe,participant-mq000vqm-dbf8fe,damage_type,Radiant,3
participant-mq000vqm-dbf8fe,participant-mq000vqm-dbf8fe,damage_type,Variable,1
participant-mq005qw8-a6ac91,participant-mq005qw8-a6ac91,role,defense-protection,34
participant-mq005qw8-a6ac91,participant-mq005qw8-a6ac91,role,narrative-interaction,4
participant-mq005qw8-a6ac91,participant-mq005qw8-a6ac91,role,support-buff,38
participant-mq005qw8-a6ac91,participant-mq005qw8-a6ac91,role,single-target-damage,36
participant-mq005qw8-a6ac91,participant-mq005qw8-a6ac91,role,control,26
participant-mq005qw8-a6ac91,participant-mq005qw8-a6ac91,role,mobility-positioning,20
participant-mq005qw8-a6ac91,participant-mq005qw8-a6ac91,role,investigation-world-interaction,7
participant-mq005qw8-a6ac91,participant-mq005qw8-a6ac91,role,healing,3
participant-mq005qw8-a6ac91,participant-mq005qw8-a6ac91,role,area-damage,8
participant-mq005qw8-a6ac91,participant-mq005qw8-a6ac91,role,summon,3
participant-mq005qw8-a6ac91,participant-mq005qw8-a6ac91,damage_type,Fire,10
participant-mq005qw8-a6ac91,participant-mq005qw8-a6ac91,damage_type,Weapon,20
participant-mq005qw8-a6ac91,participant-mq005qw8-a6ac91,damage_type,Radiant,6
participant-mq005qw8-a6ac91,participant-mq005qw8-a6ac91,damage_type,Piercing,1
participant-mq005qw8-a6ac91,participant-mq005qw8-a6ac91,damage_type,Thunder,3
participant-mq005qw8-a6ac91,participant-mq005qw8-a6ac91,damage_type,Psychic,1
participant-mq005qw8-a6ac91,participant-mq005qw8-a6ac91,damage_type,Physical,2
participant-mq005qw8-a6ac91,participant-mq005qw8-a6ac91,damage_type,Variable,5
participant-mq005qw8-a6ac91,participant-mq005qw8-a6ac91,damage_type,Lightning,5
participant-mq005qw8-a6ac91,participant-mq005qw8-a6ac91,damage_type,Force,2
participant-mq005qw8-a6ac91,participant-mq005qw8-a6ac91,damage_type,Cold,2
participant-mq005qw8-a6ac91,participant-mq005qw8-a6ac91,damage_type,Acid,1
participant-mq0uvjt0-011c95,participant-mq0uvjt0-011c95,role,single-target-damage,31
participant-mq0uvjt0-011c95,participant-mq0uvjt0-011c95,role,control,24
participant-mq0uvjt0-011c95,participant-mq0uvjt0-011c95,role,summon,4
participant-mq0uvjt0-011c95,participant-mq0uvjt0-011c95,role,investigation-world-interaction,12
participant-mq0uvjt0-011c95,participant-mq0uvjt0-011c95,role,support-buff,24
participant-mq0uvjt0-011c95,participant-mq0uvjt0-011c95,role,area-damage,16
participant-mq0uvjt0-011c95,participant-mq0uvjt0-011c95,role,defense-protection,24
participant-mq0uvjt0-011c95,participant-mq0uvjt0-011c95,role,mobility-positioning,15
participant-mq0uvjt0-011c95,participant-mq0uvjt0-011c95,role,healing,1
participant-mq0uvjt0-011c95,participant-mq0uvjt0-011c95,role,narrative-interaction,4
participant-mq0uvjt0-011c95,participant-mq0uvjt0-011c95,damage_type,Fire,8
participant-mq0uvjt0-011c95,participant-mq0uvjt0-011c95,damage_type,Lightning,4
participant-mq0uvjt0-011c95,participant-mq0uvjt0-011c95,damage_type,Necrotic,6
participant-mq0uvjt0-011c95,participant-mq0uvjt0-011c95,damage_type,Piercing,3
participant-mq0uvjt0-011c95,participant-mq0uvjt0-011c95,damage_type,Cold,6
participant-mq0uvjt0-011c95,participant-mq0uvjt0-011c95,damage_type,Force,5
participant-mq0uvjt0-011c95,participant-mq0uvjt0-011c95,damage_type,Slashing,2
participant-mq0uvjt0-011c95,participant-mq0uvjt0-011c95,damage_type,Thunder,1
participant-mq0uvjt0-011c95,participant-mq0uvjt0-011c95,damage_type,Acid,2
participant-mq0uvjt0-011c95,participant-mq0uvjt0-011c95,damage_type,Bludgeoning,1
participant-mq0uvjt0-011c95,participant-mq0uvjt0-011c95,damage_type,Psychic,2
participant-mq0uvjt0-011c95,participant-mq0uvjt0-011c95,damage_type,Poison,1
participant-mq0uvjt0-011c95,participant-mq0uvjt0-011c95,damage_type,Variable,4
participant-mq0uvjt0-011c95,participant-mq0uvjt0-011c95,damage_type,Weapon,8
participant-mq0uvjt0-011c95,participant-mq0uvjt0-011c95,damage_type,Radiant,1
participant-mq0zhvzs-7029a5,participant-mq0zhvzs-7029a5,role,defense-protection,30
participant-mq0zhvzs-7029a5,participant-mq0zhvzs-7029a5,role,support-buff,30
participant-mq0zhvzs-7029a5,participant-mq0zhvzs-7029a5,role,investigation-world-interaction,5
participant-mq0zhvzs-7029a5,participant-mq0zhvzs-7029a5,role,control,33
participant-mq0zhvzs-7029a5,participant-mq0zhvzs-7029a5,role,healing,5
participant-mq0zhvzs-7029a5,participant-mq0zhvzs-7029a5,role,single-target-damage,40
participant-mq0zhvzs-7029a5,participant-mq0zhvzs-7029a5,role,mobility-positioning,13
participant-mq0zhvzs-7029a5,participant-mq0zhvzs-7029a5,role,area-damage,9
participant-mq0zhvzs-7029a5,participant-mq0zhvzs-7029a5,role,summon,2
participant-mq0zhvzs-7029a5,participant-mq0zhvzs-7029a5,damage_type,Weapon,22
participant-mq0zhvzs-7029a5,participant-mq0zhvzs-7029a5,damage_type,Cold,4
participant-mq0zhvzs-7029a5,participant-mq0zhvzs-7029a5,damage_type,Fire,5
participant-mq0zhvzs-7029a5,participant-mq0zhvzs-7029a5,damage_type,Lightning,5
participant-mq0zhvzs-7029a5,participant-mq0zhvzs-7029a5,damage_type,Necrotic,1
participant-mq0zhvzs-7029a5,participant-mq0zhvzs-7029a5,damage_type,Radiant,5
participant-mq0zhvzs-7029a5,participant-mq0zhvzs-7029a5,damage_type,Force,2
participant-mq0zhvzs-7029a5,participant-mq0zhvzs-7029a5,damage_type,Thunder,4
participant-mq0zhvzs-7029a5,participant-mq0zhvzs-7029a5,damage_type,Acid,1
participant-mq0zhvzs-7029a5,participant-mq0zhvzs-7029a5,damage_type,Poison,1
participant-mq0zhvzs-7029a5,participant-mq0zhvzs-7029a5,damage_type,Physical,1
participant-mq0zhvzs-7029a5,participant-mq0zhvzs-7029a5,damage_type,Variable,1
participant-mq2ql73p-7cf181,participant-mq2ql73p-7cf181,role,defense-protection,29
participant-mq2ql73p-7cf181,participant-mq2ql73p-7cf181,role,single-target-damage,33
participant-mq2ql73p-7cf181,participant-mq2ql73p-7cf181,role,area-damage,13
participant-mq2ql73p-7cf181,participant-mq2ql73p-7cf181,role,control,15
participant-mq2ql73p-7cf181,participant-mq2ql73p-7cf181,role,support-buff,21
participant-mq2ql73p-7cf181,participant-mq2ql73p-7cf181,role,healing,3
participant-mq2ql73p-7cf181,participant-mq2ql73p-7cf181,role,mobility-positioning,15
participant-mq2ql73p-7cf181,participant-mq2ql73p-7cf181,role,narrative-interaction,5
participant-mq2ql73p-7cf181,participant-mq2ql73p-7cf181,role,investigation-world-interaction,6
participant-mq2ql73p-7cf181,participant-mq2ql73p-7cf181,damage_type,Lightning,8
participant-mq2ql73p-7cf181,participant-mq2ql73p-7cf181,damage_type,Piercing,2
participant-mq2ql73p-7cf181,participant-mq2ql73p-7cf181,damage_type,Weapon,18
participant-mq2ql73p-7cf181,participant-mq2ql73p-7cf181,damage_type,Force,2
participant-mq2ql73p-7cf181,participant-mq2ql73p-7cf181,damage_type,Cold,2
participant-mq2ql73p-7cf181,participant-mq2ql73p-7cf181,damage_type,Thunder,4
participant-mq2ql73p-7cf181,participant-mq2ql73p-7cf181,damage_type,Bludgeoning,2
participant-mq2ql73p-7cf181,participant-mq2ql73p-7cf181,damage_type,Variable,1
participant-mq2ql73p-7cf181,participant-mq2ql73p-7cf181,damage_type,Acid,1
participant-mq2ql73p-7cf181,participant-mq2ql73p-7cf181,damage_type,Fire,1
participant-mq3eh42s-fb2cf2,participant-mq3eh42s-fb2cf2,role,control,56
participant-mq3eh42s-fb2cf2,participant-mq3eh42s-fb2cf2,role,investigation-world-interaction,13
participant-mq3eh42s-fb2cf2,participant-mq3eh42s-fb2cf2,role,single-target-damage,27
participant-mq3eh42s-fb2cf2,participant-mq3eh42s-fb2cf2,role,defense-protection,41
participant-mq3eh42s-fb2cf2,participant-mq3eh42s-fb2cf2,role,summon,8
participant-mq3eh42s-fb2cf2,participant-mq3eh42s-fb2cf2,role,support-buff,24
participant-mq3eh42s-fb2cf2,participant-mq3eh42s-fb2cf2,role,mobility-positioning,13
participant-mq3eh42s-fb2cf2,participant-mq3eh42s-fb2cf2,role,area-damage,10
participant-mq3eh42s-fb2cf2,participant-mq3eh42s-fb2cf2,role,narrative-interaction,5
participant-mq3eh42s-fb2cf2,participant-mq3eh42s-fb2cf2,role,healing,7
participant-mq3eh42s-fb2cf2,participant-mq3eh42s-fb2cf2,damage_type,Necrotic,7
participant-mq3eh42s-fb2cf2,participant-mq3eh42s-fb2cf2,damage_type,Force,4
participant-mq3eh42s-fb2cf2,participant-mq3eh42s-fb2cf2,damage_type,Weapon,9
participant-mq3eh42s-fb2cf2,participant-mq3eh42s-fb2cf2,damage_type,Psychic,2
participant-mq3eh42s-fb2cf2,participant-mq3eh42s-fb2cf2,damage_type,Piercing,4
participant-mq3eh42s-fb2cf2,participant-mq3eh42s-fb2cf2,damage_type,Lightning,9
participant-mq3eh42s-fb2cf2,participant-mq3eh42s-fb2cf2,damage_type,Radiant,2
participant-mq3eh42s-fb2cf2,participant-mq3eh42s-fb2cf2,damage_type,Poison,1
participant-mq3eh42s-fb2cf2,participant-mq3eh42s-fb2cf2,damage_type,Acid,1
participant-mq3eh42s-fb2cf2,participant-mq3eh42s-fb2cf2,damage_type,Cold,3
participant-mq3eh42s-fb2cf2,participant-mq3eh42s-fb2cf2,damage_type,Fire,3
participant-mq3eh42s-fb2cf2,participant-mq3eh42s-fb2cf2,damage_type,Thunder,6
participant-mq3eh42s-fb2cf2,participant-mq3eh42s-fb2cf2,damage_type,Variable,2
participant-mq3o607h-2af78e,participant-mq3o607h-2af78e,role,support-buff,35
participant-mq3o607h-2af78e,participant-mq3o607h-2af78e,role,defense-protection,25
participant-mq3o607h-2af78e,participant-mq3o607h-2af78e,role,mobility-positioning,9
participant-mq3o607h-2af78e,participant-mq3o607h-2af78e,role,narrative-interaction,4
participant-mq3o607h-2af78e,participant-mq3o607h-2af78e,role,single-target-damage,38
participant-mq3o607h-2af78e,participant-mq3o607h-2af78e,role,healing,9
participant-mq3o607h-2af78e,participant-mq3o607h-2af78e,role,control,24
participant-mq3o607h-2af78e,participant-mq3o607h-2af78e,role,investigation-world-interaction,11
participant-mq3o607h-2af78e,participant-mq3o607h-2af78e,role,area-damage,17
participant-mq3o607h-2af78e,participant-mq3o607h-2af78e,role,summon,8
participant-mq3o607h-2af78e,participant-mq3o607h-2af78e,damage_type,Weapon,17
participant-mq3o607h-2af78e,participant-mq3o607h-2af78e,damage_type,Piercing,1
participant-mq3o607h-2af78e,participant-mq3o607h-2af78e,damage_type,Bludgeoning,2
participant-mq3o607h-2af78e,participant-mq3o607h-2af78e,damage_type,Fire,9
participant-mq3o607h-2af78e,participant-mq3o607h-2af78e,damage_type,Poison,1
participant-mq3o607h-2af78e,participant-mq3o607h-2af78e,damage_type,Necrotic,6
participant-mq3o607h-2af78e,participant-mq3o607h-2af78e,damage_type,Force,4
participant-mq3o607h-2af78e,participant-mq3o607h-2af78e,damage_type,Cold,3
participant-mq3o607h-2af78e,participant-mq3o607h-2af78e,damage_type,Lightning,2
participant-mq3o607h-2af78e,participant-mq3o607h-2af78e,damage_type,Variable,3
participant-mq3o607h-2af78e,participant-mq3o607h-2af78e,damage_type,Radiant,9
participant-mq3o607h-2af78e,participant-mq3o607h-2af78e,damage_type,Slashing,1
participant-mq3o607h-2af78e,participant-mq3o607h-2af78e,damage_type,Thunder,1
participant-mq3o607h-2af78e,participant-mq3o607h-2af78e,damage_type,Acid,1
participant-mq5aoq7u-493cb0,participant-mq5aoq7u-493cb0,role,single-target-damage,57
participant-mq5aoq7u-493cb0,participant-mq5aoq7u-493cb0,role,defense-protection,25
participant-mq5aoq7u-493cb0,participant-mq5aoq7u-493cb0,role,support-buff,66
participant-mq5aoq7u-493cb0,participant-mq5aoq7u-493cb0,role,mobility-positioning,39
participant-mq5aoq7u-493cb0,participant-mq5aoq7u-493cb0,role,healing,24
participant-mq5aoq7u-493cb0,participant-mq5aoq7u-493cb0,role,narrative-interaction,10
participant-mq5aoq7u-493cb0,participant-mq5aoq7u-493cb0,role,control,56
participant-mq5aoq7u-493cb0,participant-mq5aoq7u-493cb0,role,investigation-world-interaction,12
participant-mq5aoq7u-493cb0,participant-mq5aoq7u-493cb0,role,area-damage,25
participant-mq5aoq7u-493cb0,participant-mq5aoq7u-493cb0,role,summon,8
participant-mq5aoq7u-493cb0,participant-mq5aoq7u-493cb0,damage_type,Weapon,12
participant-mq5aoq7u-493cb0,participant-mq5aoq7u-493cb0,damage_type,Piercing,19
participant-mq5aoq7u-493cb0,participant-mq5aoq7u-493cb0,damage_type,Fire,11
participant-mq5aoq7u-493cb0,participant-mq5aoq7u-493cb0,damage_type,Thunder,4
participant-mq5aoq7u-493cb0,participant-mq5aoq7u-493cb0,damage_type,Radiant,11
participant-mq5aoq7u-493cb0,participant-mq5aoq7u-493cb0,damage_type,Lightning,5
participant-mq5aoq7u-493cb0,participant-mq5aoq7u-493cb0,damage_type,Necrotic,5
participant-mq5aoq7u-493cb0,participant-mq5aoq7u-493cb0,damage_type,Bludgeoning,9
participant-mq5aoq7u-493cb0,participant-mq5aoq7u-493cb0,damage_type,Cold,5
participant-mq5aoq7u-493cb0,participant-mq5aoq7u-493cb0,damage_type,Slashing,8
participant-mq5aoq7u-493cb0,participant-mq5aoq7u-493cb0,damage_type,Poison,1
participant-mq5aoq7u-493cb0,participant-mq5aoq7u-493cb0,damage_type,Acid,4
participant-mq5aoq7u-493cb0,participant-mq5aoq7u-493cb0,damage_type,Force,1
participant-mq5aoq7u-493cb0,participant-mq5aoq7u-493cb0,damage_type,Psychic,2
participant-mq6h4za4-3dd8ed,participant-mq6h4za4-3dd8ed,role,control,39
participant-mq6h4za4-3dd8ed,participant-mq6h4za4-3dd8ed,role,single-target-damage,52
participant-mq6h4za4-3dd8ed,participant-mq6h4za4-3dd8ed,role,healing,18
participant-mq6h4za4-3dd8ed,participant-mq6h4za4-3dd8ed,role,support-buff,42
participant-mq6h4za4-3dd8ed,participant-mq6h4za4-3dd8ed,role,investigation-world-interaction,8
participant-mq6h4za4-3dd8ed,participant-mq6h4za4-3dd8ed,role,defense-protection,27
participant-mq6h4za4-3dd8ed,participant-mq6h4za4-3dd8ed,role,mobility-positioning,15
participant-mq6h4za4-3dd8ed,participant-mq6h4za4-3dd8ed,role,narrative-interaction,3
participant-mq6h4za4-3dd8ed,participant-mq6h4za4-3dd8ed,role,area-damage,17
participant-mq6h4za4-3dd8ed,participant-mq6h4za4-3dd8ed,role,summon,10
participant-mq6h4za4-3dd8ed,participant-mq6h4za4-3dd8ed,damage_type,Weapon,21
participant-mq6h4za4-3dd8ed,participant-mq6h4za4-3dd8ed,damage_type,Thunder,6
participant-mq6h4za4-3dd8ed,participant-mq6h4za4-3dd8ed,damage_type,Radiant,15
participant-mq6h4za4-3dd8ed,participant-mq6h4za4-3dd8ed,damage_type,Physical,1
participant-mq6h4za4-3dd8ed,participant-mq6h4za4-3dd8ed,damage_type,Variable,2
participant-mq6h4za4-3dd8ed,participant-mq6h4za4-3dd8ed,damage_type,Force,4
participant-mq6h4za4-3dd8ed,participant-mq6h4za4-3dd8ed,damage_type,Necrotic,9
participant-mq6h4za4-3dd8ed,participant-mq6h4za4-3dd8ed,damage_type,Cold,3
participant-mq6h4za4-3dd8ed,participant-mq6h4za4-3dd8ed,damage_type,Acid,2
participant-mq6h4za4-3dd8ed,participant-mq6h4za4-3dd8ed,damage_type,Psychic,2
participant-mq6h4za4-3dd8ed,participant-mq6h4za4-3dd8ed,damage_type,Piercing,1
participant-mq6h4za4-3dd8ed,participant-mq6h4za4-3dd8ed,damage_type,Lightning,1
participant-mq6h4za4-3dd8ed,participant-mq6h4za4-3dd8ed,damage_type,Fire,7
participant-mq6h4za4-3dd8ed,participant-mq6h4za4-3dd8ed,damage_type,Slashing,1
participant-mq6h4za4-3dd8ed,participant-mq6h4za4-3dd8ed,damage_type,Bludgeoning,12
participant-mq6h4za4-3dd8ed,participant-mq6h4za4-3dd8ed,damage_type,Poison,1
participant-mq6wl4tc-aa847e,participant-mq6wl4tc-aa847e,role,support-buff,40
participant-mq6wl4tc-aa847e,participant-mq6wl4tc-aa847e,role,investigation-world-interaction,7
participant-mq6wl4tc-aa847e,participant-mq6wl4tc-aa847e,role,narrative-interaction,5
participant-mq6wl4tc-aa847e,participant-mq6wl4tc-aa847e,role,summon,5
participant-mq6wl4tc-aa847e,participant-mq6wl4tc-aa847e,role,single-target-damage,44
participant-mq6wl4tc-aa847e,participant-mq6wl4tc-aa847e,role,control,29
participant-mq6wl4tc-aa847e,participant-mq6wl4tc-aa847e,role,healing,17
participant-mq6wl4tc-aa847e,participant-mq6wl4tc-aa847e,role,defense-protection,29
participant-mq6wl4tc-aa847e,participant-mq6wl4tc-aa847e,role,area-damage,10
participant-mq6wl4tc-aa847e,participant-mq6wl4tc-aa847e,role,mobility-positioning,11
participant-mq6wl4tc-aa847e,participant-mq6wl4tc-aa847e,damage_type,Necrotic,5
participant-mq6wl4tc-aa847e,participant-mq6wl4tc-aa847e,damage_type,Fire,5
participant-mq6wl4tc-aa847e,participant-mq6wl4tc-aa847e,damage_type,Radiant,6
participant-mq6wl4tc-aa847e,participant-mq6wl4tc-aa847e,damage_type,Weapon,17
participant-mq6wl4tc-aa847e,participant-mq6wl4tc-aa847e,damage_type,Poison,3
participant-mq6wl4tc-aa847e,participant-mq6wl4tc-aa847e,damage_type,Bludgeoning,10
participant-mq6wl4tc-aa847e,participant-mq6wl4tc-aa847e,damage_type,Force,3
participant-mq6wl4tc-aa847e,participant-mq6wl4tc-aa847e,damage_type,Variable,4
participant-mq6wl4tc-aa847e,participant-mq6wl4tc-aa847e,damage_type,Lightning,1
participant-mq6wl4tc-aa847e,participant-mq6wl4tc-aa847e,damage_type,Thunder,3
participant-mq6wl4tc-aa847e,participant-mq6wl4tc-aa847e,damage_type,Psychic,4
participant-mq70m2z5-437293,participant-mq70m2z5-437293,role,defense-protection,17
participant-mq70m2z5-437293,participant-mq70m2z5-437293,role,support-buff,19
participant-mq70m2z5-437293,participant-mq70m2z5-437293,role,investigation-world-interaction,8
participant-mq70m2z5-437293,participant-mq70m2z5-437293,role,control,20
participant-mq70m2z5-437293,participant-mq70m2z5-437293,role,healing,5
participant-mq70m2z5-437293,participant-mq70m2z5-437293,role,single-target-damage,21
participant-mq70m2z5-437293,participant-mq70m2z5-437293,role,narrative-interaction,4
participant-mq70m2z5-437293,participant-mq70m2z5-437293,role,summon,2
participant-mq70m2z5-437293,participant-mq70m2z5-437293,role,area-damage,6
participant-mq70m2z5-437293,participant-mq70m2z5-437293,role,mobility-positioning,4
participant-mq70m2z5-437293,participant-mq70m2z5-437293,damage_type,Weapon,8
participant-mq70m2z5-437293,participant-mq70m2z5-437293,damage_type,Fire,3
participant-mq70m2z5-437293,participant-mq70m2z5-437293,damage_type,Cold,2
participant-mq70m2z5-437293,participant-mq70m2z5-437293,damage_type,Poison,2
participant-mq70m2z5-437293,participant-mq70m2z5-437293,damage_type,Lightning,3
participant-mq70m2z5-437293,participant-mq70m2z5-437293,damage_type,Thunder,2
participant-mq70m2z5-437293,participant-mq70m2z5-437293,damage_type,Acid,2
participant-mq70m2z5-437293,participant-mq70m2z5-437293,damage_type,Variable,2
participant-mq70m2z5-437293,participant-mq70m2z5-437293,damage_type,Radiant,4
participant-mq70m2z5-437293,participant-mq70m2z5-437293,damage_type,Necrotic,2
participant-mq748vre-54ccf6,participant-mq748vre-54ccf6,role,support-buff,56
participant-mq748vre-54ccf6,participant-mq748vre-54ccf6,role,single-target-damage,47
participant-mq748vre-54ccf6,participant-mq748vre-54ccf6,role,control,46
participant-mq748vre-54ccf6,participant-mq748vre-54ccf6,role,defense-protection,26
participant-mq748vre-54ccf6,participant-mq748vre-54ccf6,role,investigation-world-interaction,11
participant-mq748vre-54ccf6,participant-mq748vre-54ccf6,role,narrative-interaction,6
participant-mq748vre-54ccf6,participant-mq748vre-54ccf6,role,area-damage,22
participant-mq748vre-54ccf6,participant-mq748vre-54ccf6,role,summon,4
participant-mq748vre-54ccf6,participant-mq748vre-54ccf6,role,healing,9
participant-mq748vre-54ccf6,participant-mq748vre-54ccf6,role,mobility-positioning,24
participant-mq748vre-54ccf6,participant-mq748vre-54ccf6,damage_type,Weapon,8
participant-mq748vre-54ccf6,participant-mq748vre-54ccf6,damage_type,Piercing,14
participant-mq748vre-54ccf6,participant-mq748vre-54ccf6,damage_type,Fire,7
participant-mq748vre-54ccf6,participant-mq748vre-54ccf6,damage_type,Necrotic,2
participant-mq748vre-54ccf6,participant-mq748vre-54ccf6,damage_type,Bludgeoning,5
participant-mq748vre-54ccf6,participant-mq748vre-54ccf6,damage_type,Cold,7
participant-mq748vre-54ccf6,participant-mq748vre-54ccf6,damage_type,Radiant,8
participant-mq748vre-54ccf6,participant-mq748vre-54ccf6,damage_type,Slashing,3
participant-mq748vre-54ccf6,participant-mq748vre-54ccf6,damage_type,Poison,3
participant-mq748vre-54ccf6,participant-mq748vre-54ccf6,damage_type,Acid,3
participant-mq748vre-54ccf6,participant-mq748vre-54ccf6,damage_type,Lightning,10
participant-mq748vre-54ccf6,participant-mq748vre-54ccf6,damage_type,Thunder,6
participant-mq748vre-54ccf6,participant-mq748vre-54ccf6,damage_type,Variable,3
participant-mq748vre-54ccf6,participant-mq748vre-54ccf6,damage_type,Psychic,3
participant-mq74r16t-8b9959,participant-mq74r16t-8b9959,role,defense-protection,33
participant-mq74r16t-8b9959,participant-mq74r16t-8b9959,role,mobility-positioning,17
participant-mq74r16t-8b9959,participant-mq74r16t-8b9959,role,single-target-damage,48
participant-mq74r16t-8b9959,participant-mq74r16t-8b9959,role,control,63
participant-mq74r16t-8b9959,participant-mq74r16t-8b9959,role,healing,12
participant-mq74r16t-8b9959,participant-mq74r16t-8b9959,role,support-buff,45
participant-mq74r16t-8b9959,participant-mq74r16t-8b9959,role,area-damage,19
participant-mq74r16t-8b9959,participant-mq74r16t-8b9959,role,summon,7
participant-mq74r16t-8b9959,participant-mq74r16t-8b9959,role,investigation-world-interaction,9
participant-mq74r16t-8b9959,participant-mq74r16t-8b9959,role,narrative-interaction,8
participant-mq74r16t-8b9959,participant-mq74r16t-8b9959,damage_type,Weapon,11
participant-mq74r16t-8b9959,participant-mq74r16t-8b9959,damage_type,Bludgeoning,14
participant-mq74r16t-8b9959,participant-mq74r16t-8b9959,damage_type,Poison,3
participant-mq74r16t-8b9959,participant-mq74r16t-8b9959,damage_type,Necrotic,12
participant-mq74r16t-8b9959,participant-mq74r16t-8b9959,damage_type,Psychic,4
participant-mq74r16t-8b9959,participant-mq74r16t-8b9959,damage_type,Radiant,8
participant-mq74r16t-8b9959,participant-mq74r16t-8b9959,damage_type,Force,3
participant-mq74r16t-8b9959,participant-mq74r16t-8b9959,damage_type,Fire,7
participant-mq74r16t-8b9959,participant-mq74r16t-8b9959,damage_type,Piercing,3
participant-mq74r16t-8b9959,participant-mq74r16t-8b9959,damage_type,Thunder,4
participant-mq74r16t-8b9959,participant-mq74r16t-8b9959,damage_type,Lightning,2
participant-mq74r16t-8b9959,participant-mq74r16t-8b9959,damage_type,Cold,5
participant-mq74r16t-8b9959,participant-mq74r16t-8b9959,damage_type,Acid,1
participant-mq74r16t-8b9959,participant-mq74r16t-8b9959,damage_type,Slashing,1
participant-mq74r16t-8b9959,participant-mq74r16t-8b9959,damage_type,Variable,7
participant-mq86r5q8-62d0e9,participant-mq86r5q8-62d0e9,role,defense-protection,40
participant-mq86r5q8-62d0e9,participant-mq86r5q8-62d0e9,role,single-target-damage,42
participant-mq86r5q8-62d0e9,participant-mq86r5q8-62d0e9,role,mobility-positioning,19
participant-mq86r5q8-62d0e9,participant-mq86r5q8-62d0e9,role,control,26
participant-mq86r5q8-62d0e9,participant-mq86r5q8-62d0e9,role,healing,9
participant-mq86r5q8-62d0e9,participant-mq86r5q8-62d0e9,role,support-buff,34
participant-mq86r5q8-62d0e9,participant-mq86r5q8-62d0e9,role,area-damage,3
participant-mq86r5q8-62d0e9,participant-mq86r5q8-62d0e9,role,investigation-world-interaction,13
participant-mq86r5q8-62d0e9,participant-mq86r5q8-62d0e9,role,summon,8
participant-mq86r5q8-62d0e9,participant-mq86r5q8-62d0e9,role,narrative-interaction,2
participant-mq86r5q8-62d0e9,participant-mq86r5q8-62d0e9,damage_type,Weapon,18
participant-mq86r5q8-62d0e9,participant-mq86r5q8-62d0e9,damage_type,Bludgeoning,12
participant-mq86r5q8-62d0e9,participant-mq86r5q8-62d0e9,damage_type,Poison,1
participant-mq86r5q8-62d0e9,participant-mq86r5q8-62d0e9,damage_type,Necrotic,3
participant-mq86r5q8-62d0e9,participant-mq86r5q8-62d0e9,damage_type,Psychic,2
participant-mq86r5q8-62d0e9,participant-mq86r5q8-62d0e9,damage_type,Radiant,8
participant-mq86r5q8-62d0e9,participant-mq86r5q8-62d0e9,damage_type,Force,3
participant-mq86r5q8-62d0e9,participant-mq86r5q8-62d0e9,damage_type,Thunder,2
participant-mq86r5q8-62d0e9,participant-mq86r5q8-62d0e9,damage_type,Fire,1
participant-mq89l4pr-50d828,participant-mq89l4pr-50d828,role,defense-protection,23
participant-mq89l4pr-50d828,participant-mq89l4pr-50d828,role,support-buff,28
participant-mq89l4pr-50d828,participant-mq89l4pr-50d828,role,investigation-world-interaction,3
participant-mq89l4pr-50d828,participant-mq89l4pr-50d828,role,control,17
participant-mq89l4pr-50d828,participant-mq89l4pr-50d828,role,narrative-interaction,5
participant-mq89l4pr-50d828,participant-mq89l4pr-50d828,role,single-target-damage,42
participant-mq89l4pr-50d828,participant-mq89l4pr-50d828,role,mobility-positioning,13
participant-mq89l4pr-50d828,participant-mq89l4pr-50d828,role,healing,4
participant-mq89l4pr-50d828,participant-mq89l4pr-50d828,damage_type,Weapon,26
participant-mq89l4pr-50d828,participant-mq89l4pr-50d828,damage_type,Piercing,1
participant-mq89l4pr-50d828,participant-mq89l4pr-50d828,damage_type,Radiant,5
participant-mq89l4pr-50d828,participant-mq89l4pr-50d828,damage_type,Thunder,2
participant-mq89l4pr-50d828,participant-mq89l4pr-50d828,damage_type,Fire,3
participant-mq89l4pr-50d828,participant-mq89l4pr-50d828,damage_type,Physical,1
participant-mq89l4pr-50d828,participant-mq89l4pr-50d828,damage_type,Variable,2
participant-mq89l4pr-50d828,participant-mq89l4pr-50d828,damage_type,Poison,1
participant-mq89l4pr-50d828,participant-mq89l4pr-50d828,damage_type,Bludgeoning,2
participant-mq89l4pr-50d828,participant-mq89l4pr-50d828,damage_type,Acid,1
participant-mq89l4pr-50d828,participant-mq89l4pr-50d828,damage_type,Cold,1
participant-mq89l4pr-50d828,participant-mq89l4pr-50d828,damage_type,Lightning,1
participant-mq9rrhhc-33dea0,participant-mq9rrhhc-33dea0,role,single-target-damage,36
participant-mq9rrhhc-33dea0,participant-mq9rrhhc-33dea0,role,control,23
participant-mq9rrhhc-33dea0,participant-mq9rrhhc-33dea0,role,support-buff,44
participant-mq9rrhhc-33dea0,participant-mq9rrhhc-33dea0,role,investigation-world-interaction,5
participant-mq9rrhhc-33dea0,participant-mq9rrhhc-33dea0,role,healing,10
participant-mq9rrhhc-33dea0,participant-mq9rrhhc-33dea0,role,mobility-positioning,25
participant-mq9rrhhc-33dea0,participant-mq9rrhhc-33dea0,role,narrative-interaction,4
participant-mq9rrhhc-33dea0,participant-mq9rrhhc-33dea0,role,summon,2
participant-mq9rrhhc-33dea0,participant-mq9rrhhc-33dea0,role,area-damage,10
participant-mq9rrhhc-33dea0,participant-mq9rrhhc-33dea0,role,defense-protection,29
participant-mq9rrhhc-33dea0,participant-mq9rrhhc-33dea0,damage_type,Piercing,11
participant-mq9rrhhc-33dea0,participant-mq9rrhhc-33dea0,damage_type,Weapon,14
participant-mq9rrhhc-33dea0,participant-mq9rrhhc-33dea0,damage_type,Necrotic,1
participant-mq9rrhhc-33dea0,participant-mq9rrhhc-33dea0,damage_type,Fire,1
participant-mq9rrhhc-33dea0,participant-mq9rrhhc-33dea0,damage_type,Lightning,1
participant-mq9rrhhc-33dea0,participant-mq9rrhhc-33dea0,damage_type,Radiant,11
participant-mq9rrhhc-33dea0,participant-mq9rrhhc-33dea0,damage_type,Slashing,3
participant-mq9rrhhc-33dea0,participant-mq9rrhhc-33dea0,damage_type,Poison,1
participant-mq9rrhhc-33dea0,participant-mq9rrhhc-33dea0,damage_type,Bludgeoning,3
participant-mq9rrhhc-33dea0,participant-mq9rrhhc-33dea0,damage_type,Thunder,1
participant-mq9rrhhc-33dea0,participant-mq9rrhhc-33dea0,damage_type,Cold,2
participant-mqb4fag6-6ad1d5,participant-mqb4fag6-6ad1d5,role,control,13
participant-mqb4fag6-6ad1d5,participant-mqb4fag6-6ad1d5,role,single-target-damage,15
participant-mqb4fag6-6ad1d5,participant-mqb4fag6-6ad1d5,role,defense-protection,15
participant-mqb4fag6-6ad1d5,participant-mqb4fag6-6ad1d5,role,support-buff,20
participant-mqb4fag6-6ad1d5,participant-mqb4fag6-6ad1d5,role,healing,8
participant-mqb4fag6-6ad1d5,participant-mqb4fag6-6ad1d5,role,area-damage,4
participant-mqb4fag6-6ad1d5,participant-mqb4fag6-6ad1d5,role,mobility-positioning,1
participant-mqb4fag6-6ad1d5,participant-mqb4fag6-6ad1d5,role,investigation-world-interaction,4
participant-mqb4fag6-6ad1d5,participant-mqb4fag6-6ad1d5,role,narrative-interaction,7
participant-mqb4fag6-6ad1d5,participant-mqb4fag6-6ad1d5,damage_type,Weapon,3
participant-mqb4fag6-6ad1d5,participant-mqb4fag6-6ad1d5,damage_type,Psychic,2
participant-mqb4fag6-6ad1d5,participant-mqb4fag6-6ad1d5,damage_type,Radiant,1
participant-mqb4fag6-6ad1d5,participant-mqb4fag6-6ad1d5,damage_type,Cold,2
participant-mqb4fag6-6ad1d5,participant-mqb4fag6-6ad1d5,damage_type,Thunder,2
participant-mqb4fag6-6ad1d5,participant-mqb4fag6-6ad1d5,damage_type,Poison,6
participant-mqb4fag6-6ad1d5,participant-mqb4fag6-6ad1d5,damage_type,Fire,3
participant-mqb4fag6-6ad1d5,participant-mqb4fag6-6ad1d5,damage_type,Lightning,2
participant-mqb4fag6-6ad1d5,participant-mqb4fag6-6ad1d5,damage_type,Acid,2
participant-mqb4fag6-6ad1d5,participant-mqb4fag6-6ad1d5,damage_type,Force,1
participant-mqbpu17e-3a95f6,participant-mqbpu17e-3a95f6,role,support-buff,31
participant-mqbpu17e-3a95f6,participant-mqbpu17e-3a95f6,role,single-target-damage,27
participant-mqbpu17e-3a95f6,participant-mqbpu17e-3a95f6,role,area-damage,5
participant-mqbpu17e-3a95f6,participant-mqbpu17e-3a95f6,role,control,27
participant-mqbpu17e-3a95f6,participant-mqbpu17e-3a95f6,role,defense-protection,24
participant-mqbpu17e-3a95f6,participant-mqbpu17e-3a95f6,role,mobility-positioning,12
participant-mqbpu17e-3a95f6,participant-mqbpu17e-3a95f6,role,narrative-interaction,10
participant-mqbpu17e-3a95f6,participant-mqbpu17e-3a95f6,role,investigation-world-interaction,10
participant-mqbpu17e-3a95f6,participant-mqbpu17e-3a95f6,role,summon,3
participant-mqbpu17e-3a95f6,participant-mqbpu17e-3a95f6,role,healing,5
participant-mqbpu17e-3a95f6,participant-mqbpu17e-3a95f6,damage_type,Necrotic,4
participant-mqbpu17e-3a95f6,participant-mqbpu17e-3a95f6,damage_type,Cold,2
participant-mqbpu17e-3a95f6,participant-mqbpu17e-3a95f6,damage_type,Force,4
participant-mqbpu17e-3a95f6,participant-mqbpu17e-3a95f6,damage_type,Acid,1
participant-mqbpu17e-3a95f6,participant-mqbpu17e-3a95f6,damage_type,Bludgeoning,2
participant-mqbpu17e-3a95f6,participant-mqbpu17e-3a95f6,damage_type,Psychic,5
participant-mqbpu17e-3a95f6,participant-mqbpu17e-3a95f6,damage_type,Piercing,1
participant-mqbpu17e-3a95f6,participant-mqbpu17e-3a95f6,damage_type,Lightning,1
participant-mqbpu17e-3a95f6,participant-mqbpu17e-3a95f6,damage_type,Weapon,9
participant-mqbpu8zh-63581d,participant-mqbpu8zh-63581d,role,mobility-positioning,13
participant-mqbpu8zh-63581d,participant-mqbpu8zh-63581d,role,support-buff,61
participant-mqbpu8zh-63581d,participant-mqbpu8zh-63581d,role,single-target-damage,47
participant-mqbpu8zh-63581d,participant-mqbpu8zh-63581d,role,control,41
participant-mqbpu8zh-63581d,participant-mqbpu8zh-63581d,role,area-damage,14
participant-mqbpu8zh-63581d,participant-mqbpu8zh-63581d,role,healing,27
participant-mqbpu8zh-63581d,participant-mqbpu8zh-63581d,role,summon,7
participant-mqbpu8zh-63581d,participant-mqbpu8zh-63581d,role,defense-protection,27
participant-mqbpu8zh-63581d,participant-mqbpu8zh-63581d,role,narrative-interaction,7
participant-mqbpu8zh-63581d,participant-mqbpu8zh-63581d,role,investigation-world-interaction,9
participant-mqbpu8zh-63581d,participant-mqbpu8zh-63581d,damage_type,Force,6
participant-mqbpu8zh-63581d,participant-mqbpu8zh-63581d,damage_type,Psychic,7
participant-mqbpu8zh-63581d,participant-mqbpu8zh-63581d,damage_type,Necrotic,12
participant-mqbpu8zh-63581d,participant-mqbpu8zh-63581d,damage_type,Lightning,2
participant-mqbpu8zh-63581d,participant-mqbpu8zh-63581d,damage_type,Weapon,13
participant-mqbpu8zh-63581d,participant-mqbpu8zh-63581d,damage_type,Thunder,2
participant-mqbpu8zh-63581d,participant-mqbpu8zh-63581d,damage_type,Bludgeoning,2
participant-mqbpu8zh-63581d,participant-mqbpu8zh-63581d,damage_type,Variable,10
participant-mqbpu8zh-63581d,participant-mqbpu8zh-63581d,damage_type,Fire,6
participant-mqbpu8zh-63581d,participant-mqbpu8zh-63581d,damage_type,Cold,2
participant-mqbpu8zh-63581d,participant-mqbpu8zh-63581d,damage_type,Acid,2
participant-mqbpu8zh-63581d,participant-mqbpu8zh-63581d,damage_type,Poison,4
participant-mqbpu8zh-63581d,participant-mqbpu8zh-63581d,damage_type,Piercing,2
participant-mqbpu8zh-63581d,participant-mqbpu8zh-63581d,damage_type,Radiant,8
participant-mqbro0lo-88d5a7,participant-mqbro0lo-88d5a7,role,single-target-damage,34
participant-mqbro0lo-88d5a7,participant-mqbro0lo-88d5a7,role,area-damage,23
participant-mqbro0lo-88d5a7,participant-mqbro0lo-88d5a7,role,control,27
participant-mqbro0lo-88d5a7,participant-mqbro0lo-88d5a7,role,defense-protection,28
participant-mqbro0lo-88d5a7,participant-mqbro0lo-88d5a7,role,support-buff,31
participant-mqbro0lo-88d5a7,participant-mqbro0lo-88d5a7,role,investigation-world-interaction,13
participant-mqbro0lo-88d5a7,participant-mqbro0lo-88d5a7,role,narrative-interaction,13
participant-mqbro0lo-88d5a7,participant-mqbro0lo-88d5a7,role,summon,6
participant-mqbro0lo-88d5a7,participant-mqbro0lo-88d5a7,role,healing,2
participant-mqbro0lo-88d5a7,participant-mqbro0lo-88d5a7,role,mobility-positioning,17
participant-mqbro0lo-88d5a7,participant-mqbro0lo-88d5a7,damage_type,Piercing,2
participant-mqbro0lo-88d5a7,participant-mqbro0lo-88d5a7,damage_type,Cold,11
participant-mqbro0lo-88d5a7,participant-mqbro0lo-88d5a7,damage_type,Thunder,2
participant-mqbro0lo-88d5a7,participant-mqbro0lo-88d5a7,damage_type,Lightning,4
participant-mqbro0lo-88d5a7,participant-mqbro0lo-88d5a7,damage_type,Fire,9
participant-mqbro0lo-88d5a7,participant-mqbro0lo-88d5a7,damage_type,Acid,5
participant-mqbro0lo-88d5a7,participant-mqbro0lo-88d5a7,damage_type,Bludgeoning,12
participant-mqbro0lo-88d5a7,participant-mqbro0lo-88d5a7,damage_type,Poison,4
participant-mqbro0lo-88d5a7,participant-mqbro0lo-88d5a7,damage_type,Force,1
participant-mqbro0lo-88d5a7,participant-mqbro0lo-88d5a7,damage_type,Necrotic,3
participant-mqbro0lo-88d5a7,participant-mqbro0lo-88d5a7,damage_type,Radiant,1
participant-mqbro0lo-88d5a7,participant-mqbro0lo-88d5a7,damage_type,Slashing,1
participant-mqbro0lo-88d5a7,participant-mqbro0lo-88d5a7,damage_type,Psychic,5
participant-mqbro0lo-88d5a7,participant-mqbro0lo-88d5a7,damage_type,Variable,5
participant-mqbro0lo-88d5a7,participant-mqbro0lo-88d5a7,damage_type,Weapon,7
participant-mqbsmuwn-832271,participant-mqbsmuwn-832271,role,support-buff,38
participant-mqbsmuwn-832271,participant-mqbsmuwn-832271,role,investigation-world-interaction,12
participant-mqbsmuwn-832271,participant-mqbsmuwn-832271,role,defense-protection,25
participant-mqbsmuwn-832271,participant-mqbsmuwn-832271,role,area-damage,6
participant-mqbsmuwn-832271,participant-mqbsmuwn-832271,role,single-target-damage,41
participant-mqbsmuwn-832271,participant-mqbsmuwn-832271,role,control,29
participant-mqbsmuwn-832271,participant-mqbsmuwn-832271,role,narrative-interaction,8
participant-mqbsmuwn-832271,participant-mqbsmuwn-832271,role,mobility-positioning,7
participant-mqbsmuwn-832271,participant-mqbsmuwn-832271,role,healing,5
participant-mqbsmuwn-832271,participant-mqbsmuwn-832271,role,summon,6
participant-mqbsmuwn-832271,participant-mqbsmuwn-832271,damage_type,Lightning,1
participant-mqbsmuwn-832271,participant-mqbsmuwn-832271,damage_type,Force,7
participant-mqbsmuwn-832271,participant-mqbsmuwn-832271,damage_type,Psychic,3
participant-mqbsmuwn-832271,participant-mqbsmuwn-832271,damage_type,Thunder,5
participant-mqbsmuwn-832271,participant-mqbsmuwn-832271,damage_type,Fire,4
participant-mqbsmuwn-832271,participant-mqbsmuwn-832271,damage_type,Weapon,19
participant-mqbsmuwn-832271,participant-mqbsmuwn-832271,damage_type,Radiant,1
participant-mqbsmuwn-832271,participant-mqbsmuwn-832271,damage_type,Poison,3
participant-mqbsmuwn-832271,participant-mqbsmuwn-832271,damage_type,Necrotic,10
participant-mqbtnitc-2035a0,participant-mqbtnitc-2035a0,role,control,49
participant-mqbtnitc-2035a0,participant-mqbtnitc-2035a0,role,mobility-positioning,29
participant-mqbtnitc-2035a0,participant-mqbtnitc-2035a0,role,single-target-damage,62
participant-mqbtnitc-2035a0,participant-mqbtnitc-2035a0,role,healing,8
participant-mqbtnitc-2035a0,participant-mqbtnitc-2035a0,role,support-buff,41
participant-mqbtnitc-2035a0,participant-mqbtnitc-2035a0,role,narrative-interaction,3
participant-mqbtnitc-2035a0,participant-mqbtnitc-2035a0,role,area-damage,20
participant-mqbtnitc-2035a0,participant-mqbtnitc-2035a0,role,investigation-world-interaction,5
participant-mqbtnitc-2035a0,participant-mqbtnitc-2035a0,role,defense-protection,31
participant-mqbtnitc-2035a0,participant-mqbtnitc-2035a0,role,summon,12
participant-mqbtnitc-2035a0,participant-mqbtnitc-2035a0,damage_type,Weapon,20
participant-mqbtnitc-2035a0,participant-mqbtnitc-2035a0,damage_type,Piercing,20
participant-mqbtnitc-2035a0,participant-mqbtnitc-2035a0,damage_type,Lightning,2
participant-mqbtnitc-2035a0,participant-mqbtnitc-2035a0,damage_type,Poison,8
participant-mqbtnitc-2035a0,participant-mqbtnitc-2035a0,damage_type,Variable,1
participant-mqbtnitc-2035a0,participant-mqbtnitc-2035a0,damage_type,Slashing,5
participant-mqbtnitc-2035a0,participant-mqbtnitc-2035a0,damage_type,Bludgeoning,6
participant-mqbtnitc-2035a0,participant-mqbtnitc-2035a0,damage_type,Radiant,10
participant-mqbtnitc-2035a0,participant-mqbtnitc-2035a0,damage_type,Necrotic,9
participant-mqbtnitc-2035a0,participant-mqbtnitc-2035a0,damage_type,Fire,4
participant-mqbtnitc-2035a0,participant-mqbtnitc-2035a0,damage_type,Thunder,2
participant-mqbtnitc-2035a0,participant-mqbtnitc-2035a0,damage_type,Force,2
participant-mqbtnitc-2035a0,participant-mqbtnitc-2035a0,damage_type,Cold,2
participant-mqbtnitc-2035a0,participant-mqbtnitc-2035a0,damage_type,Acid,1
